sample_id,min_f0,mean_f0,max_f0,f0_range,hnr,mean_f1,mean_f2,rms_mean,rms_std,rms_min,rms_max,rms_dynamic_range,odd_ratio_1,even_ratio_1,odd_ratio_2,even_ratio_2,min_f0_normalized,mean_f0_normalized,max_f0_normalized,f0_range_normalized,hnr_normalized,mean_f1_normalized,mean_f2_normalized,rms_mean_normalized,rms_std_normalized,rms_min_normalized,rms_max_normalized,rms_dynamic_range_normalized,odd_ratio_1_normalized,even_ratio_1_normalized,odd_ratio_2_normalized,even_ratio_2_normalized,jvs_id,Male_or_Female,filepath
1,70.04191826204200,163.8659792997260,262.0529760273350,192.01105776529300,15.451389898401500,684.3644201819000,1680.511986310790,0.04084962606430050,0.0350387841463089,0.01001740712672470,0.1160748302936550,21.279654653689900,65.36850540928550,34.63149459071450,66.8944918982929,33.10550810170710,0.2151839627580430,0.9318442144413990,1.1205297602733500,0.9872037848254180,1.2541667878081800,1.647276086493860,1.5538446817249200,0.4870993589100090,0.8346261382102970,0.33449380844831500,0.44049886862436900,1.1279654653689900,1.970464451304660,1.0295355486953400,2.0171783234171300,0.9828216765828710,jvs001,M,./dataset/jvs_ver1/jvs001/parallel100/wav24kHz16bit/VOICEACTRESS100_001.wav
2,74.01550100120190,242.24031804544000,347.29084227483900,273.2753412736370,19.408522039139600,684.1131219341890,1759.153519661530,0.03516735881567000,0.021251164376735700,0.01048443466424940,0.07369031012058260,16.93730733146950,83.59718421232880,16.40281578767120,77.03601774851890,22.96398225148120,0.30033216431147000,1.8026702005048900,1.9729084227483900,1.7736323349061600,1.7290226446967500,1.6461990940036700,1.6926238582262200,0.3973793497211060,0.3750388125578560,0.365628977616628,0.15793540080388400,0.6937307331469470,2.528485230989660,0.4715147690103440,2.32763319638323,0.6723668036167700,jvs002,F,./dataset/jvs_ver1/jvs002/parallel100/wav24kHz16bit/VOICEACTRESS100_001.wav
3,75.15842675200550,157.03432900129400,229.8097963834010,154.65136963139600,17.43514952842840,708.1174815660580,1813.1265936715700,0.0242327693849802,0.018736090511083600,0.010701481252908700,0.05634218454360960,14.427795735363700,71.34463647720810,28.655363522791900,66.98676242191680,33.01323757808320,0.3248234304001170,0.8559369889032700,0.7980979638340130,0.6256584157877020,1.4922179434114100,1.749074920997390,1.7878704594204100,0.22472793765758200,0.29120301703612000,0.38009875019391400,0.042281230290730800,0.4427795735363670,2.153407239098210,0.8465927609017920,2.020002931283170,0.9799970687168340,jvs003,M,./dataset/jvs_ver1/jvs003/parallel100/wav24kHz16bit/VOICEACTRESS100_001.wav
4,80.80014503603200,282.69730201111500,381.95582971005300,301.15568467402100,17.66962301617730,755.4008618540700,1776.1301322951400,0.04789549857378010,0.035844720900058700,0.01030206959694620,0.13920481503009800,22.6145955618623,66.96550430075360,33.03449569924640,75.19819901120590,24.801800988794100,0.4457173936292580,2.252192244567950,2.3195582971005300,2.043442109748590,1.5203547619412700,1.9517179793745900,1.7225825864031800,0.5983499774807380,0.8614906966686250,0.3534713064630830,0.5946987668673200,1.2614595561862300,2.019352172472050,0.9806478275279520,2.271373439118550,0.7286265608814530,jvs004,F,./dataset/jvs_ver1/jvs004/parallel100/wav24kHz16bit/VOICEACTRESS100_001.wav
5,68.72954416875090,148.21429425952800,236.33740475915600,167.60786059040500,14.704228120037500,672.8378471918390,1689.1893483091600,0.032939307391643500,0.026961056515574500,0.010933943092823000,0.10535876452922800,19.677877201787300,55.737357030619300,44.262642969380700,41.87351558041280,58.12648441958720,0.1870616607589490,0.7579366028836490,0.8633740475915590,0.751043812165209,1.1645073744045000,1.5978764879650200,1.5691576734867500,0.36219959039437100,0.5653685505191480,0.39559620618820200,0.3690584301948550,0.9677877201787260,1.6756333784883500,1.3243666215116500,1.2512300687881500,1.7487699312118500,jvs005,M,./dataset/jvs_ver1/jvs005/parallel100/wav24kHz16bit/VOICEACTRESS100_001.wav
6,63.527652654254100,99.7135739349112,132.8922359581930,69.36458330393920,14.745457669789400,665.007597412085,1708.1975574548600,0.03233205899596210,0.027093838900327700,0.010095625184476400,0.0961216613650322,19.573761003640200,71.10879080558770,28.891209194412300,73.763890999963,26.236109000037000,0.07559255687687320,0.21903971038790200,0.0,0.0,1.169454920374730,1.5643182746232200,1.6027015719791700,0.3526114578309810,0.5697946300109230,0.33970834563175800,0.3074777424335480,0.9573761003640250,2.146187473640440,0.8538125263595590,2.227466051019280,0.7725339489807250,jvs006,M,./dataset/jvs_ver1/jvs006/parallel100/wav24kHz16bit/VOICEACTRESS100_001.wav
7,94.42022056972820,223.74616908519600,324.20978376824400,229.7895631985160,19.13558925735370,714.2441242402140,1834.567288425060,0.035016365349292800,0.02829042635858060,0.010239792987704300,0.0954093337059021,19.385993722315700,81.9018453590278,18.098154640972200,88.15123070520830,11.848769294791700,0.7375761550656050,1.5971796565021800,1.7420978376824400,1.3528022245017700,1.6962707108824400,1.7753319610294900,1.8257069795736300,0.39499524235725400,0.6096808786193530,0.3493195325136180,0.3027288913726810,0.9385993722315740,2.476587102827380,0.5234128971726180,2.6678948175063800,0.3321051824936230,jvs007,F,./dataset/jvs_ver1/jvs007/parallel100/wav24kHz16bit/VOICEACTRESS100_001.wav
8,68.76625235591240,232.6674410347790,337.89906216318400,269.13280980727200,18.940644657141500,662.2809051532100,1773.9694162716400,0.042166028171777700,0.025521455332636800,0.010463787242770200,0.08349289745092390,18.039212638751200,84.27169576939490,15.728304230605100,90.9785232810588,9.0214767189412,0.18784826476955200,1.6963049003864400,1.8789906216318400,1.733543320715530,1.6728773588569800,1.5526324506566100,1.7187695581264300,0.5078846553438590,0.5173818444212280,0.3642524828513460,0.22328598300615900,0.8039212638751230,2.5491335439610700,0.45086645603893300,2.754444590236490,0.2455554097635060,jvs008,F,./dataset/jvs_ver1/jvs008/parallel100/wav24kHz16bit/VOICEACTRESS100_001.wav
9,66.47974106923880,117.95360456830400,171.45036187027700,104.97062080103800,13.373378670860300,744.4727646648900,1877.2681150326500,0.03571053221821790,0.03017040528357030,0.012044881470501400,0.09636705368757250,18.062521010315700,52.38746469590520,47.61253530409480,41.842238693816600,58.157761306183400,0.138851594340832,0.4217067174255990,0.21450361870276700,0.14487697549391500,1.00480544050324,1.9048832771352400,1.9010613794693700,0.40595577186659800,0.6723468427856760,0.4696587647000950,0.30911369125048300,0.8062521010315660,1.5730856539562800,1.4269143460437200,1.2502726130760200,1.7497273869239800,jvs009,M,./dataset/jvs_ver1/jvs009/parallel100/wav24kHz16bit/VOICEACTRESS100_001.wav
10,76.06210236250930,303.2847602905070,452.32011236483300,376.25801000232400,19.499707501059300,778.606604798321,1872.6415339393900,0.03474909067153930,0.02548772282898430,0.010493973270058600,0.09393354505300520,19.037615185655300,89.24558871352320,10.75441128647680,88.37338271261050,11.626617287389500,0.34418790776805500,2.480941781005630,3.0,2.770238806474100,1.7399649001271200,2.0511711634213800,1.8928968245989200,0.3907751158664100,0.5162574276328090,0.36626488467057500,0.29289030035336800,0.9037615185655310,2.7013955728629500,0.2986044271370460,2.6746953891615500,0.32530461083845400,jvs010,F,./dataset/jvs_ver1/jvs010/parallel100/wav24kHz16bit/VOICEACTRESS100_001.wav
11,67.9007974263263,169.39692436422300,267.9630157410080,200.0622183146810,16.658699686588400,698.5416864897760,1772.2539516234100,0.0314253568649292,0.026552271097898500,0.010252444073557900,0.10483195632696200,20.193325631287000,84.48420839252530,15.51579160747480,80.12773191150610,19.87226808849390,0.16930280199270700,0.9932991596024740,1.179630157410080,1.0651182417549800,1.3990439623906000,1.7080357992419000,1.7157422675707300,0.3382951083936190,0.5517423699299490,0.3501629382371900,0.3655463755130770,1.0193325631287000,2.555639032424240,0.4443609675757580,2.4222775074950800,0.5777224925049170,jvs011,M,./dataset/jvs_ver1/jvs011/parallel100/wav24kHz16bit/VOICEACTRESS100_001.wav
12,67.3802690544882,129.07266901324600,199.55414145558100,132.17387240109300,15.020611612941400,729.4052742931760,1789.1045940387500,0.03044809028506280,0.0276851337403059,0.0107498774304986,0.09170373529195790,18.619670266153500,63.40800782247330,36.59199217752670,59.983268035484300,40.016731964515700,0.15814862259617600,0.5452518779249530,0.49554141455581300,0.4081342490428370,1.2024733935529700,1.8403083183993200,1.7454786953624900,0.32286458344836000,0.5895044580101970,0.38332516203324000,0.2780249019463860,0.8619670266153460,1.910449219055300,1.089550780944700,1.8056102459842100,1.1943897540157900,jvs012,M,./dataset/jvs_ver1/jvs012/parallel100/wav24kHz16bit/VOICEACTRESS100_001.wav
13,76.11040824264840,168.86510465306500,244.61765246076600,168.50724421811700,15.51442821450450,784.0278135672990,1817.0071718736800,0.043104562908411000,0.03798701986670490,0.011249790899455500,0.1280948370695110,21.12774350725900,58.53640706739820,41.46359293260180,65.70914296039860,34.29085703960140,0.34522303377103700,0.9873900517007170,0.9461765246076580,0.7597475246914590,1.2617313857405400,2.0744049152884300,1.7947185386006100,0.5227036248696480,0.9329006622234980,0.4166527266303700,0.520632247130076,1.112774350725900,1.761318583695860,1.238681416304140,1.9808921314407700,1.0191078685592300,jvs013,M,./dataset/jvs_ver1/jvs013/parallel100/wav24kHz16bit/VOICEACTRESS100_001.wav
14,125.24479950128300,294.66890952120500,466.85192598918400,341.6071264879010,18.308892092796300,801.012856912993,1771.254716948920,0.034028537571430200,0.025700384750962300,0.01118476688861850,0.09229494631290440,18.33101968996020,74.44601874850290,25.55398125149720,62.98438231812130,37.01561768187870,1.3981028464560700,2.3852101057911700,3.0,2.4349076756893600,1.597067051135550,2.1471979581985400,1.713978912262790,0.3793979616541610,0.5233461583654080,0.4123177925745650,0.2819663087526960,0.8331019689960230,2.248347512709270,0.7516524872907290,1.89748109137106,1.10251890862894,jvs014,F,./dataset/jvs_ver1/jvs014/parallel100/wav24kHz16bit/VOICEACTRESS100_001.wav
15,73.38610571192720,256.7877999361410,344.1019563970050,270.71585068507800,18.102441095731000,743.6373757339020,1828.4994527400700,0.0414511077105999,0.030686018988490100,0.010229946114122900,0.10031198710203200,19.82958974886950,83.39543815556140,16.604561844438600,75.09836058799880,24.90163941200120,0.2868451223984390,1.9643088881793400,1.941019563970050,1.7488630711459200,1.5722929314877200,1.9013030388595800,1.814999034247180,0.49659643753578800,0.6895339662830030,0.3486630742748580,0.335413247346878,0.982958974886946,2.5223093312927000,0.47769066870730300,2.2683171608571100,0.7316828391428950,jvs015,F,./dataset/jvs_ver1/jvs015/parallel100/wav24kHz16bit/VOICEACTRESS100_001.wav
16,75.59526253427230,217.18317196578800,308.1447788607780,232.54951632650500,18.566189391309700,701.6066331694260,1756.0957208954500,0.05148910731077190,0.0373355932533741,0.010771146044135100,0.13152527809143100,21.734946285371400,76.9097018713844,23.0902981286156,86.06841792944440,13.931582070555600,0.3341841971629770,1.524257466286530,1.581447788607780,1.3795114483210200,1.6279427269571600,1.7211712850118200,1.6872277427566700,0.6550911680648200,0.9111864417791370,0.3847430696090060,0.543501853942871,1.1734946285371400,2.3237663838178900,0.6762336161821100,2.6041352427380900,0.39586475726190700,jvs016,F,./dataset/jvs_ver1/jvs016/parallel100/wav24kHz16bit/VOICEACTRESS100_001.wav
17,134.70668409334700,228.57489197703600,314.33718774138000,179.63050364803300,18.278482561866400,754.1652201702190,1698.0797551846500,0.04928595572710040,0.032133717089891400,0.011075793765485300,0.11072216182947200,19.99719392510300,84.05180486178050,15.948195138219500,82.16917429147750,17.83082570852250,1.6008575162860100,1.650832133078170,1.6433718774138000,0.8673919707874120,1.5934179074239700,1.9464223721580800,1.5848466267964400,0.6203045641121110,0.7377905696630480,0.4050529176990190,0.4048144121964770,0.9997193925102990,2.542402189646340,0.4575978103536570,2.4847706415758400,0.5152293584241580,jvs017,F,./dataset/jvs_ver1/jvs017/parallel100/wav24kHz16bit/VOICEACTRESS100_001.wav
18,73.77967329691910,227.69038919863,335.7267781188630,261.94710482194400,19.86369104885870,755.5690871981710,1830.5849499806400,0.0464174821972847,0.04238254204392430,0.010978407226502900,0.15863125026226000,23.196988219199900,87.9821440277936,12.017855972206400,83.77415314562310,16.225846854377000,0.2952787135054100,1.641004324429220,1.857267781188630,1.6640042402123600,1.7836429258630500,1.9524389451350200,1.818679323495240,0.5750128767992320,1.079418068130810,0.39856048176686000,0.7242083350817360,1.3196988219199900,2.662718694728380,0.3372813052716250,2.5339026473149900,0.4660973526850090,jvs018,F,./dataset/jvs_ver1/jvs018/parallel100/wav24kHz16bit/VOICEACTRESS100_001.wav
19,69.36717279862860,250.86394960216800,351.7206194517150,282.3534466530870,17.122608841143900,747.0162259488650,1811.4913766712000,0.03403019160032270,0.026218460872769400,0.010169720277190200,0.0952521413564682,19.431314803630400,83.45282576148150,16.547174238518500,93.60000786204540,6.399992137954560,0.20072513139918500,1.8984883289129800,2.017206194517150,1.8614849676105100,1.4547130609372700,1.915783825495140,1.7849847823609400,0.37942407789983200,0.5406153624256450,0.3446480184793470,0.3016809423764550,0.9431314803630430,2.524066094739230,0.47593390526077200,2.834694118225880,0.1653058817741190,jvs019,F,./dataset/jvs_ver1/jvs019/parallel100/wav24kHz16bit/VOICEACTRESS100_001.wav
20,71.74831248134180,148.13057484598700,224.07117510338000,152.32286262203800,13.503413711237600,729.3192860389260,1751.7962614088600,0.03465888649225240,0.027566611766815200,0.012161165475845300,0.09387607872486120,17.751594851503700,63.293619870979200,36.70638012902080,48.48535915020380,51.51464084979620,0.2517495531716110,0.7570063871776360,0.7407117510338010,0.6031244769874670,1.0204096453485200,1.8399397973096800,1.6796404613097500,0.3893508393513530,0.585553725560506,0.4774110317230220,0.2925071914990740,0.7751594851503690,1.906947547070790,1.0930524529292100,1.4536334433735900,1.5463665566264100,jvs020,M,./dataset/jvs_ver1/jvs020/parallel100/wav24kHz16bit/VOICEACTRESS100_001.wav
21,62.96264983625750,98.68791109453170,142.42547746421600,79.46282762795810,14.175754789634900,699.1406443428250,1718.0255028800500,0.028609326109290100,0.02560512162745000,0.010167908854782600,0.10262792557478000,20.08067812050960,50.50845308743440,49.491546912565600,47.24741557426250,52.75258442573750,0.06348535363408820,0.20764345660590800,0.0,0.0,1.1010905747561900,1.710602761469250,1.620045005082450,0.29383146488352800,0.5201707209150000,0.3445272569855050,0.35085283716519700,1.008067812050960,1.515564890431670,1.4844351095683300,1.4157372114570100,1.5842627885429900,jvs021,M,./dataset/jvs_ver1/jvs021/parallel100/wav24kHz16bit/VOICEACTRESS100_001.wav
22,64.32637335656200,131.76619893036400,200.42305877038800,136.09668541382600,14.966244445100300,673.9729567754990,1713.3465624508700,0.03634830564260480,0.031489960849285100,0.010361140593886400,0.11551642417907700,20.944723399518400,75.23552003035280,24.764479969647200,57.75984118908040,42.240158810919600,0.09270800049775630,0.5751799881151610,0.5042305877038830,0.4460969556176740,1.195949333412030,1.6027412433235700,1.611788051383890,0.41602587856744500,0.7163320283095040,0.3574093729257580,0.4367761611938480,1.0944723399518400,2.2725159192965100,0.7274840807034870,1.7375461588494000,1.2624538411506000,jvs022,M,./dataset/jvs_ver1/jvs022/parallel100/wav24kHz16bit/VOICEACTRESS100_001.wav
23,65.39771610127530,135.99154427472500,195.19109072935200,129.79337462807700,12.552767894385700,820.5170902230150,1982.768568204380,0.02594817988574510,0.019286900758743300,0.010196357034146800,0.06134871020913120,15.587208046550300,58.2217584399927,41.7782415600073,65.69866035311490,34.30133964688510,0.11566534502732800,0.6221282697191660,0.45191090729352100,0.38509717382009800,0.9063321473262780,2.2307875295272100,2.0872386497724400,0.251813366617027,0.3095633586247760,0.34642380227645200,0.07565806806087490,0.5587208046550340,1.7516864828569200,1.2483135171430800,1.9805712352994400,1.0194287647005600,jvs023,M,./dataset/jvs_ver1/jvs023/parallel100/wav24kHz16bit/VOICEACTRESS100_001.wav
24,86.4399611017161,259.85026883057500,385.89848535212700,299.45852425041100,18.074731858515700,832.0935620777330,1821.948984362870,0.026477741077542300,0.022878648713231100,0.010862020775675800,0.08290810883045200,17.653727593728400,71.57963301801170,28.420366981988300,53.6312697794402,46.36873022055980,0.5665705950367730,1.9983363203397200,2.3589848535212700,2.02701797661688,1.5689678230218900,2.280400980333140,1.8034393841697700,0.260174859119089,0.42928829044103600,0.3908013850450520,0.21938739220301300,0.7653727593728410,2.1606010107554600,0.8393989892445400,1.6111613197787800,1.3888386802212200,jvs024,F,./dataset/jvs_ver1/jvs024/parallel100/wav24kHz16bit/VOICEACTRESS100_001.wav
25,76.45451008794550,241.86620130367500,340.4390871746490,263.98457708670400,19.10029615741880,737.8396872935740,1759.2104844448300,0.032022833824157700,0.026355545967817300,0.010224544443190100,0.0955277755856514,19.409713961275200,85.59646126102200,14.40353873897800,67.22517202696360,32.77482797303650,0.3525966447416900,1.7985133478186100,1.904390871746490,1.6837217137422900,1.6920355388902600,1.8764558026867400,1.6927243843144000,0.3477289551182800,0.5451848655939100,0.3483029628793400,0.3035185039043430,0.9409713961275160,2.589687589623120,0.410312410376877,2.027301184498880,0.9726988155011160,jvs025,F,./dataset/jvs_ver1/jvs025/parallel100/wav24kHz16bit/VOICEACTRESS100_001.wav
26,89.99507527538200,294.62652347716700,387.0976204007270,297.1025451253450,17.355019601352800,761.8089231347350,1818.0471878461300,0.03214363008737560,0.0203508622944355,0.010547314770519700,0.07560567557811740,17.108249825304900,77.52216541170380,22.4778345882962,71.27322922871210,28.72677077128800,0.6427516130439000,2.3847391497463000,2.370976204007270,2.0042181786323700,1.4826023521623300,1.9791810991488600,1.7965538609049400,0.3496362645375100,0.34502874314785,0.3698209847013160,0.17070450385411600,0.7108249825304890,2.3425152677052200,0.6574847322947820,2.1512213029197600,0.8487786970802430,jvs026,F,./dataset/jvs_ver1/jvs026/parallel100/wav24kHz16bit/VOICEACTRESS100_001.wav
27,69.45789014726990,248.72519828070600,358.06363995369800,288.6057498064280,17.848556381561000,683.7641151743240,1845.8562587003100,0.04063998535275460,0.02711515873670580,0.010203390382230300,0.0972680151462555,19.584511012838900,81.59851767307200,18.40148232692810,84.70204362422190,15.297956375778100,0.20266907458435400,1.8747244253411700,2.0806363995369800,1.9219911271589800,1.5418267657873200,1.6447033507471000,1.8456286918240800,0.4837892424119150,0.5705052912235260,0.3468926921486850,0.31512010097503700,0.9584511012838950,2.46730156142057,0.5326984385794300,2.5623074578843400,0.4376925421156550,jvs027,F,./dataset/jvs_ver1/jvs027/parallel100/wav24kHz16bit/VOICEACTRESS100_001.wav
28,69.36305891624900,120.47137020401700,184.04857512203400,114.68551620578500,16.23000243719650,551.683724275285,1583.8798061557200,0.04805479198694230,0.025759324431419400,0.01096286065876480,0.08909188956022260,18.198285518081200,51.96607341801880,48.03392658198120,53.50577493046610,46.49422506953390,0.20063697677676300,0.4496818911557460,0.3404857512203420,0.23889209231405100,1.3476002924635800,1.0786445326083600,1.3833173049806800,0.6008651366359310,0.5253108143806460,0.3975240439176560,0.2606125970681510,0.8198285518081210,1.5601859209597600,1.4398140790402400,1.6073196407285500,1.3926803592714500,jvs028,M,./dataset/jvs_ver1/jvs028/parallel100/wav24kHz16bit/VOICEACTRESS100_001.wav
29,75.96416676133200,235.15415600219800,331.82783682912500,255.86367006779300,19.25974337748980,651.1389786408340,1745.905043329920,0.035969510674476600,0.028140589594841000,0.010190091095864800,0.09270243346691130,19.17826136380890,89.35316800684150,10.646831993158400,84.54033496758600,15.459665032414000,0.34208928774282800,1.7239350666910900,1.8182783682912500,1.6051322909786400,1.7111692052987800,1.5048813370321500,1.6692441941116300,0.410044905386473,0.6046863198280330,0.34600607305765100,0.2846828897794090,0.917826136380888,2.7046888165359700,0.2953111834640340,2.557357192885290,0.4426428071147140,jvs029,F,./dataset/jvs_ver1/jvs029/parallel100/wav24kHz16bit/VOICEACTRESS100_001.wav
30,81.89136699392090,250.70812465904800,361.8490847449560,279.9577177510350,19.161660819220400,746.4907341535730,1843.7287712566800,0.04038331285119060,0.03845202922821050,0.010410782881081100,0.1261969953775410,21.671312512899500,72.3910568344346,27.608943165565400,76.63486995229630,23.365130047703700,0.4691007212983060,1.896756940656080,2.118490847449560,1.8383004943648600,1.6993992983064500,1.9135317178010300,1.8418743022176600,0.47973651870300900,0.9484009742736820,0.36071885873874000,0.5079799691836040,1.1671312512899500,2.185440515339830,0.8145594846601650,2.3153531618049900,0.6846468381950110,jvs030,F,./dataset/jvs_ver1/jvs030/parallel100/wav24kHz16bit/VOICEACTRESS100_001.wav
31,63.629143591888800,128.30371232902500,191.9065719577410,128.27742836585200,14.54359219899400,674.2463914927410,1780.7545608587900,0.03738678619265560,0.025712061673402800,0.011224276386201400,0.08825129270553590,17.911254469008000,78.47772997142720,21.522270028572800,77.53382316709560,22.466176832904500,0.07776736268333220,0.5367079147669410,0.41906571957741300,0.37042672612115300,1.1452310638792700,1.6039131063974600,1.7307433426919900,0.4324229398840350,0.5237353891134260,0.4149517590800920,0.2550086180369060,0.7911254469008030,2.3717672440232800,0.6282327559767180,2.3428721377682300,0.6571278622317690,jvs031,M,./dataset/jvs_ver1/jvs031/parallel100/wav24kHz16bit/VOICEACTRESS100_001.wav
32,64.23363710236490,157.37960351465700,255.17548344953800,190.94184634717300,12.862192488144800,698.8648847406910,1839.6419706271100,0.031072229146957400,0.02447122149169450,0.011287173256278000,0.07856724411249160,16.853126566114600,66.5858371931141,33.4141628068859,63.82726846564860,36.17273153435140,0.09072079505067600,0.859773372385078,1.0517548344953800,0.9768565775532860,0.9434630985773750,1.7094209346029600,1.8346623011066600,0.33271940758353800,0.4823740497231480,0.41914488375186900,0.19044829408327700,0.6853126566114550,2.0077297099932900,0.9922702900067110,1.9232837285402600,1.0767162714597400,jvs032,M,./dataset/jvs_ver1/jvs032/parallel100/wav24kHz16bit/VOICEACTRESS100_001.wav
33,73.14193051603940,150.83248765378100,283.5567272082900,210.4147966922510,14.106444586850800,760.0406577710550,1838.0853477303400,0.03798975795507430,0.03662344440817830,0.011379322037100800,0.1362754851579670,21.566026972565700,73.6258920304508,26.374107969549200,46.96115794524890,53.03884205475110,0.28161279677227300,0.7870276405975640,1.335567272082900,1.1653044841185600,1.0927733504221000,1.9716028190188100,1.831915319524130,0.44194354665906800,0.8874481469392780,0.4252881358067190,0.5751699010531110,1.1566026972565700,2.2232415927689000,0.7767584072310980,1.4069742228137400,1.5930257771862600,jvs033,M,./dataset/jvs_ver1/jvs033/parallel100/wav24kHz16bit/VOICEACTRESS100_001.wav
34,68.93849204684620,125.56536222434800,215.95435765837100,147.01586561152500,14.261608278200900,744.64614190975,1863.234103641280,0.034307509660720800,0.028676873072981800,0.010086474008858200,0.08886341750621800,18.8996727510197,63.27829335070560,36.72170664929440,43.577376510995800,56.422623489004200,0.19153911528956100,0.5062818024927580,0.6595435765837070,0.5517664414018500,1.1113929933841000,1.9056263224703600,1.876295477014020,0.3838027841166450,0.622562435766061,0.3390982672572140,0.259089450041453,0.88996727510197,1.906478367878740,1.0935216321212600,1.3033890768672200,1.6966109231327800,jvs034,M,./dataset/jvs_ver1/jvs034/parallel100/wav24kHz16bit/VOICEACTRESS100_001.wav
35,76.45158606291280,236.33570268875500,328.0138877665940,251.56230170368100,21.88559177560450,876.8348343780530,1990.3715336366800,0.027476459741592400,0.031146405264735200,0.012132931500673300,0.10396029055118600,18.6580347783176,82.39113883041400,17.608861169586000,90.26881490202910,9.731185097970950,0.35253398706241700,1.7370633632083900,1.7801388776659400,1.5635061455195000,2.0262710130725300,2.4721492901916500,2.1006556475941400,0.27594410118303800,0.704880175491174,0.4755287667115530,0.3597352703412370,0.8658034778317600,2.491565474400430,0.5084345255995730,2.732718823531500,0.2672811764684980,jvs035,F,./dataset/jvs_ver1/jvs035/parallel100/wav24kHz16bit/VOICEACTRESS100_001.wav
36,159.47206360732600,281.6547864185420,370.5909819603640,211.11891835303800,17.513849182363800,859.9172446778750,1875.8860026685400,0.0304460097104311,0.024646619334816900,0.01064745057374240,0.07949817925691610,17.462230988419500,62.138223942912600,37.86177605708740,76.95234880463300,23.04765119536700,2.1315442201569800,2.2406087379838000,2.2059098196036400,1.172118564706820,1.5016619018836600,2.3996453343337500,1.898622357650360,0.3228317322699650,0.48822064449389800,0.3764967049161590,0.19665452837944000,0.7462230988419540,1.871578283966710,1.1284217160332900,2.325071902182640,0.6749280978173580,jvs036,F,./dataset/jvs_ver1/jvs036/parallel100/wav24kHz16bit/VOICEACTRESS100_001.wav
37,63.13434137776960,109.55350236852000,168.70579588020500,105.57145450243500,13.707045658480200,652.3100737662170,1724.4214699012600,0.04276857152581220,0.028220558539032900,0.010822952724993200,0.10003500431776000,19.316124675617800,51.7202235332429,48.2797764667571,45.55333237574950,54.44666762425050,0.06716445809506370,0.3283722485391140,0.18705795880204600,0.150691495184855,1.0448454790176200,1.509900316140930,1.6313320057081100,0.5173984977759810,0.6073519513010980,0.38819684833288200,0.3335666954517360,0.9316124675617790,1.5526599040788600,1.4473400959211400,1.3638775217066200,1.6361224782933800,jvs037,M,./dataset/jvs_ver1/jvs037/parallel100/wav24kHz16bit/VOICEACTRESS100_001.wav
38,80.011871787143,246.34371266570800,358.78365488445400,278.77178309731100,18.303327892476300,727.4907365787680,1868.8472488508800,0.03078979253768920,0.020061563700437500,0.010052112862467800,0.06485854089260100,16.19419636268030,80.237584424376,19.762415575624000,89.07654049868880,10.923459501311300,0.428825824010207,1.8482634740634200,2.0878365488445400,1.8268237073933400,1.5963993470971500,1.8321031567661500,1.886201027383910,0.3282598821740400,0.3353854566812520,0.3368075241645180,0.09905693928400670,0.6194196362680260,2.4256403395217100,0.5743596604782860,2.6962206275108800,0.3037793724891200,jvs038,F,./dataset/jvs_ver1/jvs038/parallel100/wav24kHz16bit/VOICEACTRESS100_001.wav
39,74.23557608077150,260.98349638104200,391.89378142067000,317.6582053398980,18.90927441903090,763.2850370839860,1798.3574295914400,0.03335826098918920,0.02390025369822980,0.010235851630568500,0.07509853690862660,17.3101498781242,88.99858019323010,11.001419806769900,88.18195113127040,11.818048868729600,0.30504805887367400,2.0109277375671400,2.4189378142067000,2.203143922644180,1.6691129302837000,1.985507301788510,1.7618072286907800,0.3688146471977230,0.46334178994099300,0.3490567753712340,0.1673235793908440,0.73101498781242,2.6938340875478600,0.30616591245213900,2.668835238712360,0.3311647612876410,jvs039,F,./dataset/jvs_ver1/jvs039/parallel100/wav24kHz16bit/VOICEACTRESS100_001.wav
40,77.79661535439380,251.079673639926,359.45498455317900,281.65836919878500,19.796398415613200,690.5520910438860,1789.1283333374900,0.04211168736219410,0.026733526960015300,0.013087390922009900,0.0986870527267456,17.548142079871400,70.63697750495630,29.36302249504370,80.03865410744670,19.96134589255330,0.38135604330843900,1.9008852626658400,2.094549845531790,1.8547584116011500,1.7755678098735800,1.6737946759023700,1.7455205882426300,0.5070266425609590,0.5577842320005100,0.5391593948006630,0.32458035151163700,0.7548142079871420,2.131744209335400,0.8682557906646040,2.419550635942250,0.5804493640577530,jvs040,F,./dataset/jvs_ver1/jvs040/parallel100/wav24kHz16bit/VOICEACTRESS100_001.wav
41,78.61321586934940,150.51135536261800,234.55170445184900,155.9384885825000,18.082065622507800,704.2522399903840,1755.9063658929600,0.03586035594344140,0.028101829811930700,0.010766644030809400,0.11797451227903400,20.79415672086970,72.80188819582650,27.198111804173500,77.98111941540830,22.01888058459170,0.39885462577177200,0.7834595040290880,0.8455170445184910,0.6381144056370940,1.5698478747009400,1.7325095999587900,1.6868935868699400,0.4083214096332850,0.603394327064355,0.38444293538729300,0.4531634151935580,1.0794156720869700,2.1980169855865300,0.8019830144134730,2.3565648800635200,0.6434351199364800,jvs041,M,./dataset/jvs_ver1/jvs041/parallel100/wav24kHz16bit/VOICEACTRESS100_001.wav
42,69.03199300921730,134.95180153388900,185.24557714772000,116.21358413850200,17.213545632969600,668.8682774803740,1697.4651075981600,0.04339592531323430,0.02789466455578800,0.010390903800725900,0.09498681873083120,19.220200370610200,59.811915181036200,40.188084818963800,74.46786990635530,25.532130093644700,0.19354270734037000,0.6105755725987610,0.3524557714771950,0.253679846501635,1.465625475956350,1.5808640463444600,1.583761954584980,0.5273040838931740,0.5964888185262680,0.35939358671506200,0.2999121248722080,0.9220200370610240,1.800364750439880,1.1996352495601200,2.249016425704750,0.7509835742952460,jvs042,M,./dataset/jvs_ver1/jvs042/parallel100/wav24kHz16bit/VOICEACTRESS100_001.wav
43,89.70505601058650,233.72248750175500,306.16481071862300,216.4597547080370,21.255107529195200,659.8582812387210,1839.067531320410,0.033615436404943500,0.025261320173740400,0.010723374783992800,0.09104860574007030,18.578836294921000,85.68346559557330,14.316534404426700,88.71537210469340,11.284627895306600,0.6365369145125680,1.7080276389083800,1.5616481071862300,1.223804077819710,1.9506129035034300,1.5422497767373800,1.8336485846830700,0.3728753116570020,0.5087106724580130,0.38155831893285100,0.27365737160046900,0.8578836294920970,2.59235098761959,0.40764901238041000,2.6851644521844900,0.31483554781551000,jvs043,F,./dataset/jvs_ver1/jvs043/parallel100/wav24kHz16bit/VOICEACTRESS100_001.wav
44,78.4879638684323,130.11723129109700,181.74390554786200,103.25594167943000,15.151523783282900,745.9522263348060,1867.4811047583800,0.020685950294137,0.017539938911795600,0.010156248696148400,0.06072887033224110,15.533237512472100,81.0432613247313,18.956738675268700,86.16343850336810,13.83656149663190,0.39617065432354900,0.5568581254566330,0.3174390554786240,0.1282833065751300,1.2181828539939500,1.9112238271491700,1.883790184867740,0.1687255309600580,0.25133129705985400,0.34374991307656000,0.07152580221494040,0.5533237512472090,2.4503039181040200,0.5496960818959810,2.607044035817390,0.3929559641826080,jvs044,M,./dataset/jvs_ver1/jvs044/parallel100/wav24kHz16bit/VOICEACTRESS100_001.wav
45,71.19237267483620,147.14131926999900,226.27447325761200,155.08210058277600,13.234082013731700,752.2994573795550,1851.8007549316200,0.04402504488825800,0.04029971361160280,0.010198247618973300,0.126420259475708,21.865822494220600,68.82941317845720,31.170586821542800,51.42209849610260,48.57790150389740,0.23983655731791800,0.7460146585555430,0.7627447325761220,0.6298267798333160,0.9880898416478100,1.9384262459123800,1.856118979291090,0.5372375508672310,1.0099904537200900,0.34654984126488400,0.50946839650472,1.1865822494220600,2.076410607503790,0.9235893924962090,1.543533627431710,1.456466372568290,jvs045,M,./dataset/jvs_ver1/jvs045/parallel100/wav24kHz16bit/VOICEACTRESS100_001.wav
46,74.20618077718220,134.81652709572200,183.52026947531200,109.31408869813000,14.965479746406600,710.0169638074790,1702.0158056303200,0.03951279819011690,0.03122350201010700,0.010949378833174700,0.09320799261331560,18.601273456470000,54.18808668611180,45.81191331388820,66.24777735333910,33.75222264666090,0.30441815951104600,0.6090725232858050,0.33520269475312400,0.18691053578835700,1.1958575695687900,1.7572155591749100,1.591792598171160,0.46599155037026700,0.7074500670035680,0.39662525554498000,0.2880532840887710,0.8601273456470000,1.6282067352891400,1.3717932647108600,1.99738093938793,1.0026190606120700,jvs046,M,./dataset/jvs_ver1/jvs046/parallel100/wav24kHz16bit/VOICEACTRESS100_001.wav
47,77.80496260753950,144.7749600384560,213.84038493082000,136.03542232328100,17.69762736175590,687.9344411104430,1737.5893887175100,0.04011665657162670,0.03827712684869770,0.010568932630121700,0.13234779238700900,21.9537114384598,85.8750095174023,14.124990482597700,88.84711898207990,11.152881017920100,0.38153491301870400,0.7197217782050660,0.6384038493082050,0.4455040869994930,1.5237152834107100,1.662576176187610,1.6545695095014900,0.4755261563941050,0.9425708949565890,0.3712621753414470,0.5489852825800580,1.1953711438459800,2.598214577063340,0.40178542293666400,2.6891975198595900,0.31080248014041100,jvs047,M,./dataset/jvs_ver1/jvs047/parallel100/wav24kHz16bit/VOICEACTRESS100_001.wav
48,65.64204269201080,113.06286295191000,183.2157116290640,117.5736689370530,14.355039011040800,655.2652540443650,1760.55723632108,0.01930440403521060,0.013714085333049300,0.010446391999721500,0.05219677835702900,13.97354760066320,56.55880609578190,43.44119390421820,75.07213395013330,24.927866049866800,0.12090091482880300,0.36736514391011200,0.33215711629063500,0.2668419574553490,1.1226046813249000,1.522565374475850,1.695101005272490,0.14691164266122000,0.12380284443497700,0.3630927999814350,0.014645189046859700,0.397354760066316,1.7007797784423000,1.2992202215577000,2.267514304595920,0.7324856954040850,jvs048,M,./dataset/jvs_ver1/jvs048/parallel100/wav24kHz16bit/VOICEACTRESS100_001.wav
49,69.01275078154360,125.87325481228800,180.800333051174,111.78758226963000,16.710566074027100,707.128135341834,1717.2553967269500,0.03194783255457880,0.026065614074468600,0.010350961238145800,0.08082596957683560,17.85140481578550,61.09952562529110,38.90047437470890,69.55816683583580,30.44183316416420,0.19313037389022000,0.509702831247639,0.30800333051174000,0.21084757035126200,1.4052679288832500,1.7448348657507200,1.6186859942240400,0.34654472454598100,0.5355204691489540,0.35673074920972200,0.20550646384557100,0.7851404815785530,1.8397813966925900,1.1602186033074100,2.0987193929337500,0.9012806070662510,jvs049,M,./dataset/jvs_ver1/jvs049/parallel100/wav24kHz16bit/VOICEACTRESS100_001.wav
50,65.6874477341397,122.554226961403,182.5027989204130,116.81535118627300,13.737487243918400,656.2315853273680,1685.549222077840,0.03754979744553570,0.023596584796905500,0.010602295398712200,0.08518897742033010,18.099670097595100,60.57563617883710,39.42436382116290,54.50618450899170,45.493815491008300,0.12187388001727900,0.47282474401558900,0.3250279892041250,0.25950339857683300,1.048498469270200,1.5267067942601500,1.5627339213138400,0.4349968017716160,0.4532194932301840,0.37348635991414400,0.2345931828022000,0.8099670097595120,1.8237439646582800,1.1762560353417200,1.6379444237446400,1.3620555762553600,jvs050,M,./dataset/jvs_ver1/jvs050/parallel100/wav24kHz16bit/VOICEACTRESS100_001.wav
51,87.54035849201320,272.541009722604,378.1831632134430,290.64280472142900,19.407052922782200,743.8671195183590,1852.3685240569900,0.029173191636800800,0.019337497651577000,0.010080547071993400,0.06303445994853970,15.92187868802360,84.87556256846570,15.124437431534300,89.4368818392112,10.563118160788800,0.5901505391145680,2.139344552473380,2.281831632134430,1.941704561820280,1.7288463507338600,1.9022876550786800,1.8571209248064600,0.30273460479159100,0.31124992171923300,0.33870313813289000,0.08689639965693150,0.592187868802359,2.567619262299970,0.4323807377000290,2.707251484873810,0.29274851512618800,jvs051,F,./dataset/jvs_ver1/jvs051/parallel100/wav24kHz16bit/VOICEACTRESS100_001.wav
52,65.9997925711254,162.3081736000790,259.80614964406300,193.80635707293700,15.282514121171700,746.0699670498400,1796.8403832635500,0.04506409913301470,0.040357086807489400,0.010097596794366800,0.1412506103515630,22.91544616296290,68.56927752190500,31.430722478095000,78.05730539870430,21.942694601295700,0.1285669836669730,0.9145352622231030,1.0980614964406300,1.0045776490929400,1.2339016945406000,1.911728430213600,1.7591300881121500,0.5536436705212840,1.0119028935829800,0.33983978629112200,0.6083374023437500,1.2915446162962900,2.0684472710787200,0.9315527289212750,2.358897104041970,0.6411028959580310,jvs052,M,./dataset/jvs_ver1/jvs052/parallel100/wav24kHz16bit/VOICEACTRESS100_001.wav
53,101.27327943649100,250.02616061131000,351.6687566808330,250.39547724434200,21.01596075563230,690.8172224476590,1766.0956606536500,0.01990344747900960,0.014744744636118400,0.010303309187293100,0.051065701991319700,13.903051477792700,87.71589228443620,12.284107715563800,91.13882904953890,8.86117095046112,0.884427416496238,1.889179562347880,2.016687566808330,1.5522142959129900,1.9219152906758800,1.6749309533471100,1.7048746952711500,0.1563702233527840,0.15815815453728000,0.3535539458195370,0.007104679942131020,0.39030514777926800,2.65456813115621,0.3454318688437900,2.7593519096797600,0.24064809032023800,jvs053,F,./dataset/jvs_ver1/jvs053/parallel100/wav24kHz16bit/VOICEACTRESS100_001.wav
54,69.43055593855020,161.97480433750200,268.4096399746390,198.979084036089,16.333046578132000,718.2859926115960,1726.9808624053600,0.04027324169874190,0.028285225853323900,0.010102028027176900,0.08921954035758970,18.921028248358800,47.798215009246600,52.20178499075340,72.97946867820130,27.020531321798700,0.20208334154036200,0.9108311593055740,1.1840963997463900,1.054636297123440,1.3599655893758400,1.7926542540497000,1.6358485807153400,0.4779985531380300,0.609507528444131,0.34013520181179000,0.26146360238393100,0.8921028248358790,1.4325984186504000,1.5674015813496000,2.2034531228020800,0.7965468771979190,jvs054,M,./dataset/jvs_ver1/jvs054/parallel100/wav24kHz16bit/VOICEACTRESS100_001.wav
55,71.99680925978090,248.37474166020400,353.9436262189360,281.94681695915500,19.25877257765150,713.3438320615440,1706.555628093140,0.046356476843357100,0.03764546290040020,0.013693246990442300,0.12912265956401800,19.48992041899640,89.97487587751770,10.025124122482300,90.747568926014,9.252431073986,0.2570744841381610,1.870830462891160,2.0394362621893600,1.8575498415402100,1.7110527093181700,1.7714735659780500,1.5998040495761200,0.5740496343687960,0.9215154300133390,0.5795497993628180,0.527484397093455,0.9489920418996390,2.723720690128090,0.27627930987190600,2.7473745589596100,0.25262544104038800,jvs055,F,./dataset/jvs_ver1/jvs055/parallel100/wav24kHz16bit/VOICEACTRESS100_001.wav
56,68.47056243685460,235.78419875940700,341.5504389071290,273.079876470274,21.808104764944800,657.4276216993240,1791.5379747379000,0.04221715033054350,0.03266961872577670,0.01003850344568490,0.13381868600845300,22.49695577489640,86.61693366884210,13.383066331157900,82.72095288684150,17.27904711315850,0.1815120522183130,1.7309355417711900,1.9155043890712900,1.7717407400349100,2.016972571793380,1.531832664425670,1.749772896596290,0.5086918473243710,0.755653957525889,0.3359002297123270,0.5587912400563560,1.249695577489640,2.6209265408829200,0.3790734591170770,2.5016618230665800,0.4983381769334230,jvs056,F,./dataset/jvs_ver1/jvs056/parallel100/wav24kHz16bit/VOICEACTRESS100_001.wav
57,94.28375276159080,228.0289817076510,318.34063877975400,224.05688601816300,18.36181593049460,652.478607882774,1883.1668749446200,0.04471998289227490,0.02955208346247670,0.010622944682836500,0.10412676632404300,19.82634923071130,72.51123467511650,27.488765324883500,72.08467037632380,27.915329623676200,0.7346518448912300,1.6447664634183400,1.6834063877975400,1.2973247034015800,1.603417911659350,1.5106226052118900,1.9114709557846300,0.5482102561938140,0.6517361154158910,0.3748629788557690,0.3608451088269550,0.9826349230711290,2.189119428830100,0.8108805711699040,2.1760613380507300,0.8239386619492700,jvs057,F,./dataset/jvs_ver1/jvs057/parallel100/wav24kHz16bit/VOICEACTRESS100_001.wav
58,102.19983866974800,239.1661865652160,355.30574085953400,253.10590218978600,20.54973932266350,716.800251450169,1821.448198466910,0.03416197746992110,0.026334617286920500,0.010254614986479300,0.09465095400810240,19.3041127283647,94.3061555881857,5.6938444118143000,97.34736616913620,2.6526338308638400,0.9042822572088790,1.7685131840579600,2.0530574085953400,1.578444214739870,1.8659687187196200,1.7862867919293000,1.8025556443533600,0.381504907419807,0.5444872428973520,0.35030766576528500,0.29767302672068300,0.93041127283647,2.856310885352620,0.1436891146473770,2.9494091684429400,0.050590831557056400,jvs058,F,./dataset/jvs_ver1/jvs058/parallel100/wav24kHz16bit/VOICEACTRESS100_001.wav
59,79.20730641768870,227.98108156459300,335.04294464859800,255.83563823090900,19.170394877353500,733.7882469101940,1802.4494577525900,0.04848305881023410,0.03582681715488430,0.01064643356949090,0.11490018665790600,20.662331712721000,60.23996908190530,39.76003091809470,71.47769779265470,28.52230220734530,0.4115851375219000,1.6442342396065900,1.8504294464859800,1.6048610151378300,1.7004473852824200,1.8590924867579800,1.769028454857510,0.6076272443721170,0.8608939051628110,0.37642890463272700,0.4326679110527040,1.0662331712721000,1.8134684412828200,1.1865315587171800,2.157480544673100,0.8425194553268960,jvs059,F,./dataset/jvs_ver1/jvs059/parallel100/wav24kHz16bit/VOICEACTRESS100_001.wav
60,81.6918040392717,247.1984950137040,338.64829851173200,256.95649447246000,18.757296452109400,720.8124012038980,1776.5995586878600,0.03056981973350050,0.020683307200670200,0.01017700880765920,0.07274429500103000,17.0835757781482,72.8355988528435,27.164401147156500,80.18447818350410,19.815521816495900,0.4648243722701080,1.85776105570782,1.8864829851173200,1.6157080110238100,1.6508755742531300,1.8034817194452800,1.723410985919760,0.3247866273710600,0.3561102400223410,0.3451339205106100,0.15162863334020000,0.7083575778148200,2.199048944474800,0.8009510555251990,2.4240146382705300,0.575985361729466,jvs060,F,./dataset/jvs_ver1/jvs060/parallel100/wav24kHz16bit/VOICEACTRESS100_001.wav
61,66.99328147256550,255.5203673001250,370.58963288982300,303.59635141725800,19.591362966904800,725.9357769723140,1805.7895320994800,0.019145121797919300,0.014864961616694900,0.010243494063615800,0.05841043218970300,15.120845991779000,66.41732682149540,33.58267317850460,75.8596759354414,24.1403240645586,0.1498560315549760,1.9502263033347300,2.2058963288982300,2.067061465328300,1.750963556028580,1.8254390441670600,1.7749227037049700,0.14439665996714600,0.1621653872231640,0.3495662709077200,0.05606954793135320,0.5120845991778990,2.00257122922945,0.9974287707705500,2.291622732717590,0.7083772672824060,jvs061,F,./dataset/jvs_ver1/jvs061/parallel100/wav24kHz16bit/VOICEACTRESS100_001.wav
62,79.62610243910400,238.06747130249000,333.91188807593200,254.28578563682800,17.350164449364900,826.3505045243960,1815.1118582157700,0.025762619450688400,0.02002282254397870,0.010590499266982100,0.08126994967460630,17.70027112649180,63.15199373271200,36.84800626728800,82.29091102607780,17.70908897392220,0.42055933798080000,1.7563052366943400,1.8391188807593200,1.5898624416467300,1.4820197339237900,2.2557878765331300,1.7913738674395900,0.24888346501086900,0.3340940847992900,0.37269995113213900,0.20846633116404200,0.7700271126491750,1.9026120530422100,1.0973879469577900,2.4884972763085000,0.5115027236914950,jvs062,F,./dataset/jvs_ver1/jvs062/parallel100/wav24kHz16bit/VOICEACTRESS100_001.wav
63,77.39221055925400,252.8033017978030,345.61201327880700,268.2198027195530,17.411943216927900,697.388858016735,1775.5250992886300,0.03137604519724850,0.021425576880574200,0.010249706916511100,0.06745148450136190,16.365601300864600,80.93089094121190,19.069109058788100,90.71859702855950,9.281402971440430,0.3726902262697290,1.9200366866422600,1.9561201327880700,1.7247077682537300,1.4894331860313400,1.7030951057860100,1.721514881097580,0.33751650311444900,0.3808525626858080,0.3499804611007370,0.11634323000907900,0.6365601300864620,2.4468640084044400,0.5531359915955560,2.7464876641395800,0.25351233586042100,jvs063,F,./dataset/jvs_ver1/jvs063/parallel100/wav24kHz16bit/VOICEACTRESS100_001.wav
64,92.91987876305880,226.76571161609400,280.3671146827820,187.44723591972300,18.792451052070900,802.8626607535360,1864.9533528321800,0.04169971123337750,0.03231854364275930,0.010082672350108600,0.10152348130941400,20.05981694312380,60.90277063725480,39.09722936274520,73.77326201501630,26.226737984983700,0.7054259734941180,1.6307301290677100,1.3036711468278200,0.9430377669650640,1.6550941262485100,2.1551256889437300,1.8793294461744300,0.5005217563164860,0.743951454758644,0.33884482334057500,0.34348987539609300,1.005981694312380,1.8337582848139200,1.1662417151860800,2.227752918827030,0.7722470811729690,jvs064,F,./dataset/jvs_ver1/jvs064/parallel100/wav24kHz16bit/VOICEACTRESS100_001.wav
65,67.86905004557400,255.9253422493800,400.4278374869270,332.5587874413530,17.873746350469100,738.5260560945100,1837.315187473740,0.03196582570672040,0.024897748604416800,0.01047542691230770,0.09892655909061430,19.502823448127700,83.754112581351,16.245887418649000,86.06277653985740,13.937223460142600,0.1686225009765850,1.954726024993110,2.504278374869270,2.3473431042711600,1.5448495620562900,1.879397383262190,1.830556213188950,0.3468288269482160,0.4965916201472280,0.36502846082051600,0.3261770606040950,0.9502823448127740,2.533289160653600,0.46671083934639800,2.6039625471384900,0.3960374528615090,jvs065,F,./dataset/jvs_ver1/jvs065/parallel100/wav24kHz16bit/VOICEACTRESS100_001.wav
66,94.77891329675310,260.15060201369200,400.1582183888710,305.37930509211800,18.759944122181700,733.3035874298180,1703.2417036004800,0.05435024946928020,0.03943213075399400,0.010761403478682000,0.13768170773983000,22.140146587598200,80.33583533431960,19.664164665680400,79.68924592265330,20.31075407734670,0.7452624277875660,2.0016733557076900,2.5015821838887100,2.0843158557301700,1.6511932946618100,1.857015374699220,1.5939559475302600,0.7002670968833720,0.9810710251331330,0.3840935652454690,0.5845447182655330,1.2140146587598200,2.4286480204383600,0.5713519795616440,2.40885446702,0.59114553298,jvs066,F,./dataset/jvs_ver1/jvs066/parallel100/wav24kHz16bit/VOICEACTRESS100_001.wav
67,63.79133651704400,243.33966538251200,400.62093501174300,336.8295984946990,18.06977395194620,700.242217249802,1811.7288879518200,0.03500807285308840,0.032208919525146500,0.010781838558614300,0.12043984979391100,20.961547611208500,94.00419530907320,5.995804690926830,87.62031650427250,12.379683495727500,0.08124292536522770,1.8148851709168000,2.5062093501174300,2.3886735338196700,1.5683728742335500,1.7153237882134400,1.7854039199149800,0.39486430820665900,0.7402973175048830,0.3854559039076170,0.4695989986260730,1.0961547611208500,2.8470672033389700,0.15293279666102500,2.6516423419675200,0.34835765803247600,jvs067,F,./dataset/jvs_ver1/jvs067/parallel100/wav24kHz16bit/VOICEACTRESS100_001.wav
68,64.92073819334180,128.9260223171580,188.39345226763600,123.4727140742940,14.92345218448330,742.26952180872,1815.90237944256,0.023631883785128600,0.019783636555075600,0.010325508192181600,0.06722674518823620,16.272612992290900,64.70408908462710,35.29591091537290,64.95066925970480,35.04933074029520,0.1054443898573250,0.5436224701906400,0.38393452267635900,0.32392949104155600,1.19081426213799,1.8954408077516600,1.7927689048986400,0.2152402702915040,0.3261212185025220,0.35503387947877200,0.11484496792157500,0.6272612992290860,1.9501251760600100,1.0498748239399900,1.9576735487664700,1.0423264512335300,jvs068,M,./dataset/jvs_ver1/jvs068/parallel100/wav24kHz16bit/VOICEACTRESS100_001.wav
69,133.81460307735600,236.42832020359100,319.633112416857,185.81850933950100,20.078392027058700,700.7616604403860,1771.5122704763000,0.03951502591371540,0.02463783696293830,0.010392354801297200,0.08286239951848980,18.032870799836600,81.33676676946850,18.663233230531500,85.77775060645190,14.22224939354810,1.58174149451477,1.7380924467065700,1.69633112416857,0.9272758968338810,1.809407043247050,1.7175499733159400,1.7144334184875800,0.4660267249534010,0.48792789876461000,0.35949032008647900,0.21908266345659900,0.8032870799836600,2.4592887786572000,0.5407112213428010,2.5952372634628100,0.4047627365371860,jvs069,F,./dataset/jvs_ver1/jvs069/parallel100/wav24kHz16bit/VOICEACTRESS100_001.wav
70,63.845096282696,137.7132050304440,217.29897042966500,153.45387414696900,13.54763634600000,726.6307272462090,1731.9794913951300,0.03547599911689760,0.028199898079037700,0.012083441019058200,0.09598599374294280,18.000344778598300,71.19192414493320,28.80807585506680,66.84354943420190,33.156450565798100,0.08239492034348570,0.6412578336715990,0.6729897042966480,0.6140697498093750,1.025716361520000,1.8284174024837500,1.6446696906972800,0.402252617635225,0.6066632693012550,0.47222940127054800,0.30657329161961900,0.8000344778598250,2.148732371783670,0.8512676282163310,2.0156188602306700,0.9843811397693300,jvs070,M,./dataset/jvs_ver1/jvs070/parallel100/wav24kHz16bit/VOICEACTRESS100_001.wav
71,64.82840197070000,112.33942684303000,161.65381992793100,96.82541795723050,15.249500136105100,829.4522052177760,1885.7708752790800,0.026537040248513200,0.027321593835949900,0.010043085552752000,0.08849713206291200,18.901240688312600,55.37794145715470,44.62205854284530,60.15184390639090,39.84815609360920,0.10346575651500100,0.3593269649225540,0.11653819927930500,0.06605243184416600,1.22994001633261,2.269080879504750,1.9160662504925000,0.26111116181863000,0.5773864611983300,0.3362057035168010,0.2566475470860800,0.8901240688312620,1.6646308609333100,1.335369139066690,1.8107707318282900,1.1892292681717100,jvs071,M,./dataset/jvs_ver1/jvs071/parallel100/wav24kHz16bit/VOICEACTRESS100_001.wav
72,96.36744807980800,249.15322870410200,352.1233334992980,255.7558854194900,19.110335803971400,696.5868515739990,1717.0847525660400,0.029374705627560600,0.019591981545090700,0.01047543901950120,0.06534957885742190,15.901411201734000,81.01630880812720,18.983691191872800,90.03383164419530,9.96616835580475,0.7793024588530290,1.8794803189344600,2.0212333349929800,1.604089213737000,1.693240296476570,1.699657935317140,1.6183848574694800,0.3059164046456940,0.3197327181696890,0.36502926796674700,0.10233052571614600,0.5901411201733990,2.449478841065120,0.5505211589348810,2.725525458495770,0.27447454150422700,jvs072,F,./dataset/jvs_ver1/jvs072/parallel100/wav24kHz16bit/VOICEACTRESS100_001.wav
73,73.47032999266970,136.0248807898620,223.89960722053700,150.42927722786700,16.010686094502300,709.6854832354590,1744.724149666640,0.03336208686232570,0.023756852373480800,0.010277739726007000,0.08026701956987380,17.852790438055700,70.56361945881060,29.43638054118940,64.89579267997480,35.104207320025200,0.2886499284143510,0.6224986754429160,0.7389960722053660,0.5847994570438740,1.3212823313402800,1.755794928151970,1.6671602641175900,0.3688750557209320,0.4585617457826930,0.3518493150671320,0.20178013046582500,0.7852790438055670,2.1294985548615500,0.8705014451384500,1.9559936534686200,1.0440063465313800,jvs073,M,./dataset/jvs_ver1/jvs073/parallel100/wav24kHz16bit/VOICEACTRESS100_001.wav
74,67.153431358554,120.25312474733100,188.14551488799200,120.99208352943800,16.941055644281600,673.766194184533,1735.1474153371000,0.04624779894948010,0.03947024047374730,0.010301501490175700,0.1304818093776700,22.05298881394990,52.44709594122030,47.55290405877970,48.589182532552900,51.410817467447100,0.1532878148261570,0.44725694163700700,0.3814551488799230,0.29992338899456400,1.4329266773137900,1.6018551179337100,1.650260144712540,0.5723336676233690,0.9823413491249080,0.35343343267838200,0.5365453958511350,1.205298881394990,1.5749111002414400,1.4250888997585600,1.4568117101801900,1.5431882898198100,jvs074,M,./dataset/jvs_ver1/jvs074/parallel100/wav24kHz16bit/VOICEACTRESS100_001.wav
75,80.20076326209300,168.33876755247000,250.14923772274300,169.94847446065000,16.131826339006500,681.4808067130060,1693.7882412019700,0.04709192365407940,0.03893674537539480,0.011232923716306700,0.1340736299753190,21.537011165528300,65.47302957589480,34.52697042410530,65.50641426041670,34.49358573958330,0.4328734984734210,0.9815418616941150,1.0014923772274300,0.7736949141353240,1.335819160680780,1.6349177430557400,1.5772733668270000,0.5856619524328330,0.9645581791798270,0.41552824775377900,0.560490866502126,1.1537011165528300,1.9736641706906600,1.0263358293093400,1.9746861508290800,1.0253138491709200,jvs075,M,./dataset/jvs_ver1/jvs075/parallel100/wav24kHz16bit/VOICEACTRESS100_001.wav
76,67.55082781002430,156.29862270331600,243.52890684481300,175.97807903478900,14.420570160738400,757.6898038802230,1843.2765005327900,0.035562701523304000,0.031358957290649400,0.010486510582268200,0.10383311659097700,19.914097805607500,82.75158405238420,17.248415947615800,50.43162946119260,49.56837053880740,0.16180345307195000,0.8477624744812940,0.9352890684481340,0.8320459261431210,1.1304684192886100,1.961527730915240,1.8410761774108100,0.4036216029995370,0.7119652430216470,0.36576737215121600,0.35888744393984500,0.9914097805607530,2.502599511807680,0.49740048819232200,1.5132131467712000,1.4867868532288000,jvs076,M,./dataset/jvs_ver1/jvs076/parallel100/wav24kHz16bit/VOICEACTRESS100_001.wav
77,82.61445988022490,166.75597954981700,220.0656494341600,137.45118955393500,14.731269508757000,684.1354843000640,1763.9864991298800,0.03400067985057830,0.02071271277964120,0.010543727315962300,0.06787789613008500,16.174684146991500,64.93943350984660,35.060566490153500,48.57145882574500,51.428541174255000,0.48459556886196300,0.9639553283313020,0.700656494341604,0.45920506019937600,1.167752341050840,1.646294932714560,1.7011526455233200,0.378958102903868,0.35709042598803800,0.36958182106415400,0.11918597420056700,0.6174684146991520,1.9573295972402000,1.0426704027598000,1.4562691477268900,1.5437308522731100,jvs077,M,./dataset/jvs_ver1/jvs077/parallel100/wav24kHz16bit/VOICEACTRESS100_001.wav
78,69.21582621040140,118.56424664892600,169.30380561483200,100.087979404431,14.402630434289500,731.0126795982850,1798.102815837160,0.020843438804149600,0.01931229792535310,0.01001129113137720,0.06474261730909350,16.214003227967100,55.73258055984260,44.26741944015740,58.1619742081925,41.83802579180750,0.1974819902228870,0.42849162943251000,0.19303805614832400,0.0976256071396548,1.1283156521147400,1.8471971982783600,1.7613579103008600,0.1712121916444680,0.31040993084510200,0.334086075425148,0.09828411539395650,0.6214003227967110,1.6754871599951800,1.3245128400048200,1.749856353312020,1.250143646687990,jvs078,M,./dataset/jvs_ver1/jvs078/parallel100/wav24kHz16bit/VOICEACTRESS100_001.wav
79,73.00797950362450,136.02790016921100,187.41129357694800,114.4033140733240,14.442883844936700,764.6278634821250,1842.0200880225000,0.02561815083026890,0.0231119766831398,0.010687313042581100,0.08545152097940450,18.057025335154200,45.25766528586430,54.742334714135700,53.881876622200000,46.118123377800000,0.2787424179348120,0.6225322241023430,0.3741129357694830,0.2361611039353920,1.1331460613924000,1.9912622720662500,1.8388589788632400,0.24660238153056100,0.43706588943799300,0.37915420283873900,0.23634347319603000,0.8057025335154190,1.3548264883427800,1.6451735116572200,1.6188329578224500,1.3811670421775500,jvs079,M,./dataset/jvs_ver1/jvs079/parallel100/wav24kHz16bit/VOICEACTRESS100_001.wav
80,64.29483159051930,152.9638814227030,233.13090062884700,168.8360690383270,14.132992573179600,729.4583316667020,1792.6472370097700,0.04414244368672370,0.035315029323101000,0.010037770494818700,0.13101314008235900,22.3135518823985,68.16506516865150,31.834934831348500,51.663016277226100,48.336983722773900,0.09203210551112800,0.8107097935855860,0.8313090062884660,0.7629297003709100,1.0959591087815500,1.84053570714301,1.7517304182525300,0.5390912161061640,0.8438343107700350,0.3358513663212460,0.540087600549062,1.23135518823985,2.0560734235301500,0.943926576469851,1.550908661547740,1.449091338452260,jvs080,M,./dataset/jvs_ver1/jvs080/parallel100/wav24kHz16bit/VOICEACTRESS100_001.wav
81,72.13755675542410,139.74861986684500,197.50702489026300,125.36946813483900,13.83856833882690,703.2541712178330,1734.7159090593900,0.044974058866500900,0.03076132945716380,0.010872323997318700,0.09765680134296420,19.067602185938300,65.35943567259690,34.640564327403100,53.594054125606000,46.405945874394000,0.2600905019019460,0.6638735540760600,0.47507024890263100,0.34228517549844100,1.0606282006592300,1.7282321623621400,1.649498663045980,0.5522219821026450,0.6920443152387940,0.3914882664879160,0.3177120089530940,0.9067602185938280,1.9701868063039900,1.029813193696010,1.6100220650695700,1.3899779349304300,jvs081,M,./dataset/jvs_ver1/jvs081/parallel100/wav24kHz16bit/VOICEACTRESS100_001.wav
82,83.25730649352820,227.85403707145800,336.61812820858500,253.36082171505700,17.097920696639800,688.3584666410490,1807.2612715361500,0.03816598653793340,0.03132036328315740,0.01018436811864380,0.10137522220611600,19.959954609118100,79.87634380840970,20.12365619159030,79.39993981239040,20.600060187609600,0.49837085343274800,1.6428226341273100,1.8661812820858500,1.5809111778876500,1.4517504835967700,1.6643934284616400,1.777519890946140,0.4447261032305270,0.7106787761052450,0.34562454124291700,0.34250148137410500,0.9959954609118080,2.414581953318670,0.5854180466813350,2.3999981575221600,0.6000018424778440,jvs082,F,./dataset/jvs_ver1/jvs082/parallel100/wav24kHz16bit/VOICEACTRESS100_001.wav
83,78.23260708514570,270.2134150428310,358.0949923617640,279.8623852766180,20.44126402740080,789.110998081681,1944.7431355865300,0.02869967743754390,0.030364520847797400,0.010185391642153300,0.10680829733610200,20.41254518058380,92.20750821659070,7.79249178340929,91.4210318213334,8.57896817866661,0.3906987232531230,2.1134823893647900,2.0809499236176400,1.837377922031790,1.8529516832881000,2.0961899917786300,2.020134945152710,0.2952580648033240,0.6788173615932460,0.3456927761435510,0.3787219822406770,1.041254518058380,2.792066578058900,0.20793342194110100,2.767990770040820,0.23200922995918200,jvs083,F,./dataset/jvs_ver1/jvs083/parallel100/wav24kHz16bit/VOICEACTRESS100_001.wav
84,69.19381247576490,233.3408485431450,348.47470357599700,279.28089110023200,17.772032620086200,909.0533953899500,1979.1977707143000,0.022410601377487200,0.026984158903360400,0.0115803312510252,0.09023960679769520,17.83352423772690,70.84083281880490,29.159167181195100,80.21270959199010,19.787290408009900,0.1970102673378200,1.70378720603494,1.9847470357599700,1.831750559034500,1.5326439144103400,2.610228837385500,2.0809372424370100,0.19595686385506100,0.566138630112012,0.4386887500683470,0.2682640453179680,0.7833524237726910,2.137984678126680,0.8620153218733180,2.42487886506092,0.5751211349390800,jvs084,F,./dataset/jvs_ver1/jvs084/parallel100/wav24kHz16bit/VOICEACTRESS100_001.wav
85,68.7714971755278,247.4336734582090,345.4684156778530,276.6969185023250,20.474876675910800,722.2342838224880,1856.232907847560,0.03483565151691440,0.023396233096718800,0.010093934834003400,0.08010052144527440,17.9914969336061,70.04132471835730,29.958675281642700,84.4094349212219,15.590565078778100,0.18796065376131000,1.8603741495356500,1.954684156778530,1.806744372603150,1.8569852011092900,1.8095755020963800,1.8639404256133300,0.39214186605654300,0.44654110322396000,0.33959565560023000,0.20067014296849600,0.79914969336061,2.113509940357880,0.8864900596421220,2.553350048608830,0.44664995139116700,jvs085,F,./dataset/jvs_ver1/jvs085/parallel100/wav24kHz16bit/VOICEACTRESS100_001.wav
86,69.42996552518900,138.65928564097000,228.93072305354600,159.50075752835700,14.740855398565000,771.4188030815260,1798.8806640968200,0.033135659992694900,0.03311790153384210,0.010267029516398900,0.11820721626281700,21.223983588209200,53.066116127183700,46.93388387281630,44.41130004730470,55.58869995269530,0.20207068982547900,0.6517698404552230,0.7893072305354570,0.6725879760808710,1.1689026478278000,2.0203662989208200,1.7627305837002800,0.3652998946214980,0.7705967177947360,0.3511353010932600,0.45471477508544900,1.1223983588209200,1.5938606977709300,1.4061393022290700,1.3289173483868800,1.671082651613120,jvs086,M,./dataset/jvs_ver1/jvs086/parallel100/wav24kHz16bit/VOICEACTRESS100_001.wav
87,73.32776105055200,155.87863935495000,218.0537445254470,144.7259834748950,15.875546124442200,788.2988714389220,1842.8005380625600,0.048591818660497700,0.040888771414756800,0.010058320127427600,0.11889215558767300,21.45255494600290,70.81092814199430,29.189071858005700,48.89249145550110,51.10750854449900,0.285594879654686,0.8430959928327770,0.6805374452544710,0.5296062916925330,1.305065534933070,2.092709449023950,1.8402362436398100,0.6093445051657530,1.0296257138252300,0.33722134182850500,0.45928103725115500,1.145255494600290,2.1370692288365600,0.8629307711634390,1.4660966772092200,1.5339033227907800,jvs087,M,./dataset/jvs_ver1/jvs087/parallel100/wav24kHz16bit/VOICEACTRESS100_001.wav
88,68.17036294886560,133.1134649506700,201.09556120358000,132.9251982547150,14.396885010556600,715.8995412081760,1816.947075512460,0.03156257048249250,0.027866242453455900,0.010043211281299600,0.08765905350446700,18.81848355848790,73.56283761939560,26.437162380604400,70.767220905305,29.232779094695,0.17507920604712000,0.5901496105629970,0.5109556120358030,0.41540514440046500,1.1276262012667900,1.7824266051779000,1.794612486198460,0.34046163919724900,0.5955414151151970,0.3362140854199730,0.2510603566964470,0.8818483558487890,2.2213113556957800,0.7786886443042160,2.135731252203210,0.8642687477967860,jvs088,M,./dataset/jvs_ver1/jvs088/parallel100/wav24kHz16bit/VOICEACTRESS100_001.wav
89,68.49510445800480,134.26846521691600,199.76018262937000,131.26507817136600,15.463456999115700,692.9856077492410,1756.5413659064700,0.022999197244644200,0.016354236751794800,0.01104721613228320,0.06533379852771760,15.437701162697100,54.23634533028570,45.763654669714300,71.60336430462610,28.39663569537390,0.18203795267153100,0.602982946854623,0.4976018262937040,0.3993394661745070,1.2556148398938800,1.6842240332110300,1.6880141751290600,0.20525048281017100,0.21180789172649400,0.403147742152214,0.10222532351811700,0.5437701162697140,1.6296840407230300,1.3703159592769700,2.161327478713040,0.838672521286957,jvs089,M,./dataset/jvs_ver1/jvs089/parallel100/wav24kHz16bit/VOICEACTRESS100_001.wav
90,77.97221440297500,274.4336681473890,350.9257519533450,272.95353755037000,19.535757006247600,753.5901731443220,1799.1591947934800,0.029388785362243700,0.01994260586798190,0.01096714660525320,0.06955724954605100,16.044975032985300,83.64215391332520,16.357846086674800,93.87935144241500,6.120648557584980,0.38511888006374900,2.160374090526540,2.0092575195334500,1.7705181053261600,1.7442908407497100,1.9439578849042400,1.763222108459080,0.30613871624595200,0.331420195599397,0.3978097736835480,0.13038166364034000,0.6044975032985280,2.529861854489550,0.4701381455104540,2.8432454523188300,0.15675454768117300,jvs090,F,./dataset/jvs_ver1/jvs090/parallel100/wav24kHz16bit/VOICEACTRESS100_001.wav
91,137.60595570469600,235.17163236540200,297.21810713856900,159.61215143387200,21.768640986793200,668.9986537865040,1797.0244839998000,0.03552927076816560,0.030514191836118700,0.010199668817222100,0.10888868570327800,20.567933707882900,90.42711040541890,9.572889594581090,92.22525514241850,7.7747448575815100,1.6629847651006400,1.7241292485044600,1.4721810713856900,0.6736659816181190,2.0122369184151800,1.5814228019421600,1.7594549717643600,0.4030937489710360,0.6838063945372900,0.34664458781480800,0.39259123802185100,1.0567933707882900,2.7375646042475200,0.2624353957524820,2.792609851298530,0.2073901487014750,jvs091,F,./dataset/jvs_ver1/jvs091/parallel100/wav24kHz16bit/VOICEACTRESS100_001.wav
92,101.38988730556500,222.0947434336530,364.0925471576790,262.7026598521140,17.211618329639800,762.3803916055900,1730.5772971135600,0.044626373797655100,0.036669205874204600,0.010299296118319000,0.11166951060295100,20.702541359254600,67.59720744758360,32.402792552416400,74.36643089428590,25.63356910571410,0.8869261565478130,1.5788304825961500,2.140925471576790,1.6713160630849800,1.4653941995567700,1.9816302497382400,1.6421952302004000,0.5467322178577120,0.8889735291401550,0.3532864078879360,0.4111300706863400,1.0702541359254600,2.0386900239056200,0.9613099760943790,2.2459111498250800,0.7540888501749210,jvs092,F,./dataset/jvs_ver1/jvs092/parallel100/wav24kHz16bit/VOICEACTRESS100_001.wav
93,81.75301633282090,298.0929881022130,398.33731674685900,316.5843004140380,18.955586064350400,831.901848561866,1846.936469036360,0.052616775035858200,0.03880302608013150,0.010798487812280700,0.13236810266971600,21.768408027708000,70.09980959787090,29.900190402129100,73.81461397319650,26.18538602680350,0.4661360642747340,2.4232554233579200,2.4833731674685900,2.192751294329400,1.6746703277220400,2.279579350979430,1.8475349453582900,0.6728964479346030,0.9601008693377180,0.38656585415204400,0.5491206844647730,1.1768408027708000,2.115300293812370,0.8846997061876260,2.2290187950978500,0.7709812049021480,jvs093,F,./dataset/jvs_ver1/jvs093/parallel100/wav24kHz16bit/VOICEACTRESS100_001.wav
94,67.61022814126270,233.42903408523600,326.5585869337330,258.94835879247000,17.493905015772000,836.1747342311340,1968.2624713673300,0.02503204345703130,0.02366296388208870,0.010914546437561500,0.07319067418575290,16.52900109287570,91.05469275602770,8.945307243972320,97.19986316093360,2.800136839066390,0.16307631731277100,1.7047670453915100,1.765585869337330,1.6349841173464800,1.499268601892640,2.29789171813343,2.0616396553541100,0.23734805458470400,0.45543212940295500,0.3943030958374340,0.15460449457168600,0.652900109287567,2.75677630885799,0.2432236911420100,2.9448937702326600,0.05510622976733850,jvs094,F,./dataset/jvs_ver1/jvs094/parallel100/wav24kHz16bit/VOICEACTRESS100_001.wav
95,128.1241674273530,242.7325271531430,318.8361170058360,190.7119495784830,18.77271934922140,673.0116076729950,1862.8075109314300,0.03501708433032040,0.02513345144689080,0.010186880826950100,0.09871461987495420,19.726805039687100,87.83335713772260,12.166642862277400,82.88424686079820,17.115753139201800,1.4598035877289800,1.8081391905904800,1.688361170058360,0.9746317701143510,1.6527263219065700,1.5986211757414100,1.8755426663495900,0.3950065946892690,0.5044483815630280,0.3457920551300050,0.32476413249969500,0.9726805039687050,2.6581639940119200,0.341836005988083,2.506660618187700,0.4933393818123000,jvs095,F,./dataset/jvs_ver1/jvs095/parallel100/wav24kHz16bit/VOICEACTRESS100_001.wav
96,70.24847908777110,257.22695168640200,353.9982698391380,283.74979075136700,20.510652040991800,725.5261158662450,1802.674394236810,0.022962570190429700,0.019095616415143000,0.010691914707422300,0.0594935417175293,14.908286762635600,87.82438614865280,12.175613851347300,94.33533958236100,5.6646604176389800,0.2196102661665230,1.9691883520711300,2.0399826983913800,1.8749979750132300,1.8612782449190200,1.8236833537124800,1.7694254015943800,0.20467216090152100,0.30318721383810000,0.3794609804948170,0.06329027811686200,0.49082867626356100,2.657889371897530,0.342110628102467,2.857204272929420,0.1427957270705810,jvs096,F,./dataset/jvs_ver1/jvs096/parallel100/wav24kHz16bit/VOICEACTRESS100_001.wav
97,68.84259708481290,165.3655720452140,254.48955982865200,185.64696274383900,16.431945438706200,743.409505523707,1813.1408948045700,0.026334580034017600,0.02123778499662880,0.010032533667981600,0.06815477460622790,16.64171320074960,65.8313537056096,34.168646294390400,69.05921302086170,30.94078697913830,0.18948422324599000,0.9485063560579360,1.0448955982865200,0.9256157684887640,1.3718334526447400,1.9003264522444600,1.7878956967139500,0.257914421589751,0.37459283322095900,0.3355022445321080,0.12103183070818600,0.6641713200749590,1.9846332767023300,1.0153667232976600,2.0834452965569900,0.9165547034430100,jvs097,M,./dataset/jvs_ver1/jvs097/parallel100/wav24kHz16bit/VOICEACTRESS100_001.wav
98,74.98118446838160,180.80725531520500,258.3788554970550,183.3976710286730,14.547081893886900,770.8846124169720,1765.0108110062700,0.02783905528485780,0.022814301773905800,0.010774643160402800,0.09050921350717550,18.485797902810800,64.24056678693750,35.75943321306250,54.711076359176600,45.288923640823400,0.32102538146532000,1.120080614613390,1.0837885549705500,0.9038484293097420,1.1456498272664300,2.0180769103584500,1.7029602547169500,0.28166929397143800,0.4271433924635250,0.3849762106935180,0.2700614233811700,0.8485797902810840,1.9359357179674800,1.0640642820325200,1.6442166232401000,1.3557833767599000,jvs098,M,./dataset/jvs_ver1/jvs098/parallel100/wav24kHz16bit/VOICEACTRESS100_001.wav
99,65.43105106869800,170.45626649627600,261.1022341406880,195.67118307199000,16.992040660235400,724.8885935454280,1744.9349028475600,0.03491388261318210,0.027341756969690300,0.01025504618883130,0.0936007872223854,19.206837611581000,78.26364258369570,21.73635741630430,73.45310826437400,26.54689173562600,0.11637966575781400,1.0050696277364000,1.111022341406880,1.022624352309580,1.4390448792282400,1.8209511151946900,1.667532181495700,0.39337709389234800,0.578058565656344,0.35033641258875500,0.29067191481590300,0.9206837611581010,2.36521354848048,0.6347864515195200,2.217952293807370,0.7820477061926330,jvs099,M,./dataset/jvs_ver1/jvs099/parallel100/wav24kHz16bit/VOICEACTRESS100_001.wav
100,62.96092655105800,132.46057779411900,236.13414698172600,173.17322043066800,14.183817735101200,725.6879623936590,1712.918607624170,0.026459094136953400,0.021854974329471600,0.010352184996008900,0.07549446821212770,17.257662118514800,52.554639998516900,47.44536000148310,47.42304298250210,52.57695701749790,0.06344842609409900,0.5828953088235450,0.8613414698172570,0.8049021332000100,1.1020581282121500,1.8243769816871100,1.6110328369838200,0.2598804337413690,0.39516581098238600,0.3568123330672580,0.16996312141418500,0.7257662118514840,1.578203265260720,1.4217967347392800,1.4211135606888400,1.5788864393111600,jvs100,M,./dataset/jvs_ver1/jvs100/parallel100/wav24kHz16bit/VOICEACTRESS100_001.wav